<beans:beans xmlns="http://www.springframework.org/schema/security"
	xmlns:beans="http://www.springframework.org/schema/beans" 
	xmlns:xsi="http://www.w3.org/2001/XMLSchema-instance"
	xsi:schemaLocation="http://www.springframework.org/schema/beans
	http://www.springframework.org/schema/beans/spring-beans-4.1.xsd
	http://www.springframework.org/schema/security
	http://www.springframework.org/schema/security/spring-security-4.1.xsd">

	<http auto-config="true" use-expressions="true" >
		<intercept-url pattern="/**" access="hasAnyRole('ROLE_USER')" />
	</http>

	<authentication-manager>
	  <authentication-provider >
	    <user-service >
	    
		<user name="1212" password="1212" authorities="ROLE_USER,abc" />
	    </user-service>
	  </authentication-provider>
	</authentication-manager>

</beans:beans>